Usuario;Contraseña;Nombre;Apellidos;ID
Lucas;0;Lucas;García;P1235
Sofía;P35ñ08;Sofía;Sánchez;P1236
Martín;P35ñ09;Martín;Gutierrez;P1237
Ana;0;Ana;Gutierrez;P1238
Pedro;P35ñ11;Pedro;Torres;P1239
Valentina;P35ñ12;Valentina;Vargas;P1240
Diego;P35ñ13;Diego;García;P1241
Camila;P35ñ14;Camila;Ramírez;P1242
Javier;P35ñ15;Javier;González;P1243
María;P35ñ16;María;García;P1244
Ricardo;P35ñ17;Ricardo;Mendoza;P1245
Natalia;P35ñ18;Natalia;Martínez;P1246
Jorge;P35ñ19;Jorge;Ortiz;P1247
Daniela;P35ñ20;Daniela;Jiménez;P1248
Andrés;P35ñ21;Andrés;Sánchez;P1249
Laura;P35ñ22;Laura;Rivera;P1250
Cristian;P35ñ23;Cristian;Hernández;P1251
Isabel;P35ñ24;Isabel;García;P1252
Tomás;P35ñ25;Tomás;Ramírez;P1253
Gabriela;P35ñ26;Gabriela;Vargas;P1254
Federico;P35ñ27;Federico;García;P1255
Lucía;P35ñ28;Lucía;Flores;P1256
Fernando;P35ñ29;Fernando;Torres;P1257
Paula;P35ñ30;Paula;Vargas;P1258
Sebastián;P35ñ31;Sebastián;Gutierrez;P1259
Clara;P35ñ32;Clara;Flores;P1260
Agustín;P35ñ33;Agustín;Pérez;P1261
Carolina;P35ñ34;Carolina;Ramírez;P1262
Héctor;P35ñ35;Héctor;Pérez;P1263
Alicia;P35ñ36;Alicia;Castro;P1264
Santiago;P35ñ37;Santiago;Vargas;P1265
Elena;P35ñ38;Elena;García;P1266
Rodrigo;P35ñ39;Rodrigo;Vargas;P1267
Luz;P35ñ40;Luz;Castro;P1268
Manuel;P35ñ41;Manuel;López;P1269
Carla;P35ñ42;Carla;Morales;P1270
Alejandro;P35ñ43;Alejandro;Sánchez;P1271
Mónica;P35ñ44;Mónica;Castro;P1272
Luis;P35ñ45;Luis;Sánchez;P1273
Verónica;P35ñ46;Verónica;Ramírez;P1274
Emilio;P35ñ47;Emilio;López;P1275
Patricia;P35ñ48;Patricia;Gutierrez;P1276
Hugo;P35ñ49;Hugo;Martínez;P1277
Sara;P35ñ50;Sara;Gutierrez;P1278
Gonzalo;P35ñ51;Gonzalo;Ortiz;P1279
Mariana;P35ñ52;Mariana;Mendoza;P1280
Pablo;P35ñ53;Pablo;González;P1281
Irene;P35ñ54;Irene;Castro;P1282
Vicente;P35ñ55;Vicente;Ramírez;P1283
Nadia;P35ñ56;Nadia;Hernández;P1284
Ignacio;P35ñ57;Ignacio;Pérez;P1285
Adriana;P35ñ58;Adriana;Ramírez;P1286
César;P35ñ59;César;Ramírez;P1287
Lorena;P35ñ60;Lorena;Chávez;P1288
Ernesto;P35ñ61;Ernesto;García;P1289
Diana;P35ñ62;Diana;Torres;P1290
Raúl;P35ñ63;Raúl;García;P1291
Olga;P35ñ64;Olga;Gutierrez;P1292
Felipe;P35ñ65;Felipe;Hernández;P1293
Silvia;P35ñ66;Silvia;Jiménez;P1294
Ramiro;P35ñ67;Ramiro;López;P1295
Gloria;P35ñ68;Gloria;Gutierrez;P1296
Esteban;P35ñ69;Esteban;Rojas;P1297
Alejandra;P35ñ70;Alejandra;Morales;P1298
Óscar;P35ñ71;Óscar;Ortiz;P1299
Bianca;P35ñ72;Bianca;Jiménez;P1300
Fabián;P35ñ73;Fabián;Rojas;P1301
Carmen;P35ñ74;Carmen;Flores;P1302
Eduardo;P35ñ75;Eduardo;Rivera;P1303
Liliana;P35ñ76;Liliana;González;P1304
Maximiliano;P35ñ77;Maximiliano;Rivera;P1305
Eva;P35ñ78;Eva;Castro;P1306
Álvaro;P35ñ79;Álvaro;Ortiz;P1307
Renata;P35ñ80;Renata;Pérez;P1308
Matías;P35ñ81;Matías;Torres;P1309
Claudia;P35ñ82;Claudia;López;P1310
Miguel;P35ñ83;Miguel;Gutierrez;P1311
Julia;P35ñ84;Julia;López;P1312
Joaquín;P35ñ85;Joaquín;Castro;P1313
Florencia;P35ñ86;Florencia;Mendoza;P1314
David;P35ñ87;David;Sánchez;P1315
Elisa;P35ñ88;Elisa;Ortiz;P1316
Rafael;P35ñ89;Rafael;García;P1317
Consuelo;P35ñ90;Consuelo;Chávez;P1318
Arturo;P35ñ91;Arturo;Ortiz;P1319
Cecilia;P35ñ92;Cecilia;Martínez;P1320
Guillermo;P35ñ93;Guillermo;López;P1321
Milagros;P35ñ94;Milagros;Rojas;P1322
Simón;P35ñ95;Simón;Rivera;P1323
Antonella;P35ñ96;Antonella;Vargas;P1324
Víctor;P35ñ97;Víctor;Rojas;P1325
Estela;P35ñ98;Estela;Castro;P1326
Bruno;P35ñ99;Bruno;Rojas;P1327
Noelia;P35ñ100;Noelia;Rivera;P1328
Alberto;P35ñ101;Alberto;Chávez;P1329
Rocío;P35ñ102;Rocío;Morales;P1330
Julio;P35ñ103;Julio;Chávez;P1331
Teresa;P35ñ104;Teresa;Hernández;P1332
Enrique;P35ñ105;Enrique;Morales;P1333
Victoria;P35ñ106;Victoria;González;P1334
